{
  "mlm": {
    "overall_top1": 0.9437825614296402,
    "overall_top5": 0.9815988197970102,
    "total_masked": 5900002,
    "by_token_type": {
      "address": {
        "top1": 0.9625445830848682,
        "top5": 0.9916065662304931,
        "count": 88879
      },
      "immediate": {
        "top1": 0.869291681615499,
        "top5": 0.9507329198913433,
        "count": 156088
      },
      "modifier": {
        "top1": 0.9686966017364289,
        "top5": 0.9965286802986842,
        "count": 650185
      },
      "opcode": {
        "top1": 0.9636483379634064,
        "top5": 0.9938140626496791,
        "count": 417560
      },
      "other": {
        "top1": 0.9215076527956131,
        "top5": 0.9710924136426514,
        "count": 2016910
      },
      "register": {
        "top1": 0.9775777908149026,
        "top5": 0.9978446974659246,
        "count": 877835
      },
      "structural": {
        "top1": 0.9442112321976668,
        "top5": 0.9792649530736258,
        "count": 1692545
      }
    },
    "by_frequency_bucket": {
      "high": {
        "top1": 0.9771380637668798,
        "top5": 0.9967541178756357,
        "count": 4539598
      },
      "medium": {
        "top1": 0.853415433912983,
        "top5": 0.9430726669980913,
        "count": 776446
      },
      "low": {
        "top1": 0.8046366348264773,
        "top5": 0.9150092986139414,
        "count": 583958
      }
    }
  },
  "itc": {}
}