{
  "mlm": {
    "overall_top1": 0.6720120575732524,
    "overall_top5": 0.820397338296463,
    "total_masked": 5904339,
    "by_token_type": {
      "address": {
        "top1": 0.5129715774029548,
        "top5": 0.7179577584932271,
        "count": 87923
      },
      "immediate": {
        "top1": 0.5087636613762005,
        "top5": 0.6446131505872162,
        "count": 157012
      },
      "modifier": {
        "top1": 0.6162233613329132,
        "top5": 0.806842861644162,
        "count": 650605
      },
      "opcode": {
        "top1": 0.6429596204190049,
        "top5": 0.8383762900795904,
        "count": 417513
      },
      "other": {
        "top1": 0.6396320055105019,
        "top5": 0.7951104206465425,
        "count": 2017965
      },
      "register": {
        "top1": 0.6076263322370665,
        "top5": 0.8007341803245132,
        "count": 879348
      },
      "structural": {
        "top1": 0.7959813999396684,
        "top5": 0.883112658820418,
        "count": 1693973
      }
    },
    "by_frequency_bucket": {
      "high": {
        "top1": 0.7262378770855045,
        "top5": 0.8812117797368366,
        "count": 4543565
      },
      "medium": {
        "top1": 0.5038524630269131,
        "top5": 0.6424780401881939,
        "count": 776646
      },
      "low": {
        "top1": 0.4738053988166977,
        "top5": 0.5839182507943464,
        "count": 584128
      }
    }
  },
  "itc": {}
}