{
  "mlm": {
    "overall_top1": 0.9280880719119281,
    "overall_top5": 0.9728512271487728,
    "total_masked": 49505,
    "by_token_type": {
      "address": {
        "top1": 0.9536152796725784,
        "top5": 0.9863574351978172,
        "count": 733
      },
      "immediate": {
        "top1": 0.8368136117556071,
        "top5": 0.9218870843000774,
        "count": 1293
      },
      "modifier": {
        "top1": 0.9608908202064096,
        "top5": 0.9952924135433641,
        "count": 5523
      },
      "opcode": {
        "top1": 0.9601490825688074,
        "top5": 0.9922591743119266,
        "count": 3488
      },
      "other": {
        "top1": 0.8954913157268618,
        "top5": 0.9565191529859625,
        "count": 16812
      },
      "register": {
        "top1": 0.9715331435542903,
        "top5": 0.9968822014368984,
        "count": 7377
      },
      "structural": {
        "top1": 0.9304573149380209,
        "top5": 0.9701659780096645,
        "count": 14279
      }
    },
    "by_frequency_bucket": {
      "high": {
        "top1": 0.9723435987336142,
        "top5": 0.9953949606216803,
        "count": 38219
      },
      "medium": {
        "top1": 0.7967237527922562,
        "top5": 0.9113924050632911,
        "count": 6715
      },
      "low": {
        "top1": 0.7510391599212426,
        "top5": 0.8746444979216802,
        "count": 4571
      }
    }
  },
  "itc": {
    "overall_accuracy": 0.9999957553016283,
    "macro_f1": 0.9999947741332627,
    "weighted_f1": 0.9999957553183558,
    "total_positions": 235588,
    "per_class": {
      "GLOBAL_LOAD": {
        "precision": 1.0,
        "recall": 0.9999399471534951,
        "f1": 0.9999699726751344,
        "support": 16652
      },
      "GLOBAL_STORE": {
        "precision": 1.0,
        "recall": 1.0,
        "f1": 1.0,
        "support": 4902
      },
      "SHARED_LOAD": {
        "precision": 0.9999241849886278,
        "recall": 1.0,
        "f1": 0.9999620910572804,
        "support": 13189
      },
      "SHARED_STORE": {
        "precision": 1.0,
        "recall": 1.0,
        "f1": 1.0,
        "support": 4835
      },
      "LOCAL_LOAD": {
        "precision": 1.0,
        "recall": 1.0,
        "f1": 1.0,
        "support": 7530
      },
      "LOCAL_STORE": {
        "precision": 1.0,
        "recall": 1.0,
        "f1": 1.0,
        "support": 819
      },
      "ARITHMETIC": {
        "precision": 1.0,
        "recall": 1.0,
        "f1": 1.0,
        "support": 85893
      },
      "LOGIC_BITWISE": {
        "precision": 1.0,
        "recall": 1.0,
        "f1": 1.0,
        "support": 26139
      },
      "COMPARISON": {
        "precision": 1.0,
        "recall": 1.0,
        "f1": 1.0,
        "support": 29527
      },
      "CONTROL_FLOW": {
        "precision": 1.0,
        "recall": 1.0,
        "f1": 1.0,
        "support": 9818
      },
      "SYNC_BARRIER": {
        "precision": 1.0,
        "recall": 1.0,
        "f1": 1.0,
        "support": 1086
      },
      "CONVERSION_MOVE": {
        "precision": 1.0,
        "recall": 1.0,
        "f1": 1.0,
        "support": 34312
      },
      "ATOMIC_REDUCE": {
        "precision": 1.0,
        "recall": 1.0,
        "f1": 1.0,
        "support": 886
      }
    },
    "confusion_matrix": [
      [
        16651,
        0,
        1,
        0,
        0,
        0,
        0,
        0,
        0,
        0,
        0,
        0,
        0
      ],
      [
        0,
        4902,
        0,
        0,
        0,
        0,
        0,
        0,
        0,
        0,
        0,
        0,
        0
      ],
      [
        0,
        0,
        13189,
        0,
        0,
        0,
        0,
        0,
        0,
        0,
        0,
        0,
        0
      ],
      [
        0,
        0,
        0,
        4835,
        0,
        0,
        0,
        0,
        0,
        0,
        0,
        0,
        0
      ],
      [
        0,
        0,
        0,
        0,
        7530,
        0,
        0,
        0,
        0,
        0,
        0,
        0,
        0
      ],
      [
        0,
        0,
        0,
        0,
        0,
        819,
        0,
        0,
        0,
        0,
        0,
        0,
        0
      ],
      [
        0,
        0,
        0,
        0,
        0,
        0,
        85893,
        0,
        0,
        0,
        0,
        0,
        0
      ],
      [
        0,
        0,
        0,
        0,
        0,
        0,
        0,
        26139,
        0,
        0,
        0,
        0,
        0
      ],
      [
        0,
        0,
        0,
        0,
        0,
        0,
        0,
        0,
        29527,
        0,
        0,
        0,
        0
      ],
      [
        0,
        0,
        0,
        0,
        0,
        0,
        0,
        0,
        0,
        9818,
        0,
        0,
        0
      ],
      [
        0,
        0,
        0,
        0,
        0,
        0,
        0,
        0,
        0,
        0,
        1086,
        0,
        0
      ],
      [
        0,
        0,
        0,
        0,
        0,
        0,
        0,
        0,
        0,
        0,
        0,
        34312,
        0
      ],
      [
        0,
        0,
        0,
        0,
        0,
        0,
        0,
        0,
        0,
        0,
        0,
        0,
        886
      ]
    ],
    "class_names": [
      "GLOBAL_LOAD",
      "GLOBAL_STORE",
      "SHARED_LOAD",
      "SHARED_STORE",
      "LOCAL_LOAD",
      "LOCAL_STORE",
      "ARITHMETIC",
      "LOGIC_BITWISE",
      "COMPARISON",
      "CONTROL_FLOW",
      "SYNC_BARRIER",
      "CONVERSION_MOVE",
      "ATOMIC_REDUCE"
    ],
    "common_accuracy": 1.0,
    "common_classes": [
      "ARITHMETIC",
      "CONVERSION_MOVE"
    ],
    "rare_accuracy": 0.9999913332119983,
    "rare_classes": [
      "GLOBAL_LOAD",
      "GLOBAL_STORE",
      "SHARED_LOAD",
      "SHARED_STORE",
      "LOCAL_LOAD",
      "LOCAL_STORE",
      "LOGIC_BITWISE",
      "COMPARISON",
      "CONTROL_FLOW",
      "SYNC_BARRIER",
      "ATOMIC_REDUCE"
    ]
  }
}