{
  "mlm": {
    "overall_top1": 0.6710018188731207,
    "overall_top5": 0.8188895625456003,
    "total_masked": 486565,
    "by_token_type": {
      "address": {
        "top1": 0.5198033324228353,
        "top5": 0.7164709095875443,
        "count": 7322
      },
      "immediate": {
        "top1": 0.5063301031572366,
        "top5": 0.6444201312910285,
        "count": 12796
      },
      "modifier": {
        "top1": 0.6167468827235054,
        "top5": 0.8038020552654563,
        "count": 53813
      },
      "opcode": {
        "top1": 0.6399768752709929,
        "top5": 0.8386182974418268,
        "count": 34595
      },
      "other": {
        "top1": 0.6391767519385463,
        "top5": 0.7946650723482378,
        "count": 165588
      },
      "register": {
        "top1": 0.6069206148605025,
        "top5": 0.7980548648982788,
        "count": 72797
      },
      "structural": {
        "top1": 0.7937474042991965,
        "top5": 0.8807552952296389,
        "count": 139654
      }
    },
    "by_frequency_bucket": {
      "high": {
        "top1": 0.7248478864218617,
        "top5": 0.8796087745516652,
        "count": 374720
      },
      "medium": {
        "top1": 0.5041509200173472,
        "top5": 0.6398767114800817,
        "count": 64564
      },
      "low": {
        "top1": 0.47209238383282925,
        "top5": 0.5821154374907468,
        "count": 47281
      }
    }
  },
  "itc": {}
}